-- One-time production seed for Aymar Engineering concierge data.
-- The prior published migration created a protected repair function, but did not execute it.
-- These statements are idempotent: existing Test rows are left in place, missing Live rows are inserted.

INSERT INTO public.organizations (id, name, slug, description, logo_url, billing_email, subscription_status, subscription_tier, created_by, created_at, updated_at, stripe_customer_id, trial_ends_at, mfa_required, requires_us_person_declaration, designated_oap_mentor_user_id, ai_enabled, organization_kind, public_slug, public_employer, employer_tagline, employer_about, employer_logo_url, employer_cover_url, employer_website, employer_linkedin, employer_hiring_email, employer_locations, employer_industries, employer_paid_contact, employer_paid_contact_until, employer_ideal_roles, employer_ideal_skills, employer_ideal_certs, employer_ideal_machines, employer_ideal_experience_min, employer_ideal_notes, oap_default_recert_months, is_jobline_approved_verifier, is_jobline_approved_vendor, is_jobline_approved_mentor, verifier_display_name, verifier_tagline, verifier_approved_at, onboarding_status, onboarding_engagement_id, activation_state, opened_for_operations_at, opened_for_operations_by, claimed_at, claimed_by_user_id) VALUES ('41f0e268-87d6-4981-b21e-a3c4e8245688', 'Aymar Engineering', 'aymar-engineering', NULL, NULL, 'brandon@revgrips.com', 'trialing', 'team', '7d924865-7e19-4bf8-a503-75eeeab26d03', '2026-06-08T19:27:22.412824+00:00', '2026-06-09T15:14:06.785065+00:00', NULL, '2026-06-22T19:27:22.412824+00:00', FALSE, FALSE, NULL, FALSE, 'manufacturer', NULL, FALSE, NULL, NULL, NULL, NULL, NULL, NULL, NULL, '{}'::text[], '{}'::text[], FALSE, NULL, NULL, NULL, NULL, NULL, NULL, NULL, 12, FALSE, FALSE, FALSE, NULL, NULL, NULL, 'concierge_in_progress', NULL, 'claimed', NULL, NULL, NULL, NULL) ON CONFLICT (id) DO UPDATE SET billing_email = EXCLUDED.billing_email, subscription_status = EXCLUDED.subscription_status, subscription_tier = EXCLUDED.subscription_tier, onboarding_status = EXCLUDED.onboarding_status, activation_state = EXCLUDED.activation_state, updated_at = now();

INSERT INTO public.teams (id, name, description, created_by, created_at, updated_at, organization_id) VALUES ('e4c70727-20b3-465e-bdf2-e88158c908cf', 'Production', 'Default production team', '7d924865-7e19-4bf8-a503-75eeeab26d03', '2026-06-08T19:36:48.544242+00:00', '2026-06-08T19:36:48.544242+00:00', '41f0e268-87d6-4981-b21e-a3c4e8245688') ON CONFLICT (id) DO NOTHING;

INSERT INTO public.departments (id, team_id, name, description, created_at, updated_at, organization_id) VALUES
 ('39d96f62-a1e2-48d1-a6f9-1fdb450004e8', 'e4c70727-20b3-465e-bdf2-e88158c908cf', 'Office', 'Front office, planning, sales', '2026-06-08T19:36:48.544242+00:00', '2026-06-08T19:36:48.544242+00:00', '41f0e268-87d6-4981-b21e-a3c4e8245688'),
 ('8b2e8bbe-a82a-4c42-ae2b-3ef70d768384', 'e4c70727-20b3-465e-bdf2-e88158c908cf', 'CNC Operations', 'Milling, turning, 5-axis, honing', '2026-06-08T19:36:48.544242+00:00', '2026-06-08T19:36:48.544242+00:00', '41f0e268-87d6-4981-b21e-a3c4e8245688'),
 ('b8988128-bf2c-4445-8b27-07b63109e87f', 'e4c70727-20b3-465e-bdf2-e88158c908cf', 'Welding & Assembly', 'Weld and assembly bench operations', '2026-06-08T19:36:48.544242+00:00', '2026-06-08T19:36:48.544242+00:00', '41f0e268-87d6-4981-b21e-a3c4e8245688'),
 ('35757b0c-af4a-44f8-9e52-a6d81854d0d8', 'e4c70727-20b3-465e-bdf2-e88158c908cf', 'Shipping & Receiving', 'Inbound/outbound material handling', '2026-06-08T19:36:48.544242+00:00', '2026-06-08T19:36:48.544242+00:00', '41f0e268-87d6-4981-b21e-a3c4e8245688'),
 ('55c6f48f-e555-40b5-b02e-2dc67e7230f1', 'e4c70727-20b3-465e-bdf2-e88158c908cf', 'Quality / Inspection', 'CMM, first-article and final inspection', '2026-06-08T19:36:48.544242+00:00', '2026-06-08T19:36:48.544242+00:00', '41f0e268-87d6-4981-b21e-a3c4e8245688')
ON CONFLICT (id) DO NOTHING;

INSERT INTO public.stations (id, team_id, station_id, name, work_center, work_center_type, is_active, created_at, updated_at, department_id, organization_id, daily_capacity_hours) VALUES
 ('83553a1c-53c0-4ed6-986b-128876617522', 'e4c70727-20b3-465e-bdf2-e88158c908cf', 'OFFICE-01', 'Front Office', 'OFFICE', 'office', TRUE, '2026-06-08T19:36:48.544242+00:00', '2026-06-08T19:36:48.544242+00:00', '39d96f62-a1e2-48d1-a6f9-1fdb450004e8', '41f0e268-87d6-4981-b21e-a3c4e8245688', 8),
 ('7baf700a-1931-4689-8228-0f828ee7e078', 'e4c70727-20b3-465e-bdf2-e88158c908cf', 'WELD-01', 'Weld Bay', 'WELD', 'welding', TRUE, '2026-06-08T19:36:48.544242+00:00', '2026-06-08T19:36:48.544242+00:00', 'b8988128-bf2c-4445-8b27-07b63109e87f', '41f0e268-87d6-4981-b21e-a3c4e8245688', 8),
 ('f8dc9658-ea7f-489b-b095-3b59570b3978', 'e4c70727-20b3-465e-bdf2-e88158c908cf', 'ASSY-01', 'Assembly Bench', 'ASSY', 'assembly', TRUE, '2026-06-08T19:36:48.544242+00:00', '2026-06-08T19:36:48.544242+00:00', 'b8988128-bf2c-4445-8b27-07b63109e87f', '41f0e268-87d6-4981-b21e-a3c4e8245688', 8),
 ('9b72e49d-dfb4-4289-b050-6b80f1f40b44', 'e4c70727-20b3-465e-bdf2-e88158c908cf', 'RECV-01', 'Receiving', 'RECV', 'receiving', TRUE, '2026-06-08T19:36:48.544242+00:00', '2026-06-08T19:36:48.544242+00:00', '35757b0c-af4a-44f8-9e52-a6d81854d0d8', '41f0e268-87d6-4981-b21e-a3c4e8245688', 8),
 ('183b4119-4fb4-4cc1-81a1-a64af05c6d5d', 'e4c70727-20b3-465e-bdf2-e88158c908cf', 'SHIP-01', 'Shipping', 'SHIP', 'shipping', TRUE, '2026-06-08T19:36:48.544242+00:00', '2026-06-08T19:36:48.544242+00:00', '35757b0c-af4a-44f8-9e52-a6d81854d0d8', '41f0e268-87d6-4981-b21e-a3c4e8245688', 8),
 ('1c4cb7f1-128f-4e5b-82ae-1a005c9848cd', 'e4c70727-20b3-465e-bdf2-e88158c908cf', 'INSP-01', 'Inspection Bench', 'INSP', 'inspection', TRUE, '2026-06-08T19:36:48.544242+00:00', '2026-06-08T19:36:48.544242+00:00', '55c6f48f-e555-40b5-b02e-2dc67e7230f1', '41f0e268-87d6-4981-b21e-a3c4e8245688', 8),
 ('9ba01f77-d0d9-4201-8f46-171406365f6a', 'e4c70727-20b3-465e-bdf2-e88158c908cf', 'VF3SS-4811', 'Haas VF-3SS (4811)', 'CNC_MILL', 'cnc_mill', TRUE, '2026-06-08T19:36:48.544242+00:00', '2026-06-08T19:36:48.544242+00:00', '8b2e8bbe-a82a-4c42-ae2b-3ef70d768384', '41f0e268-87d6-4981-b21e-a3c4e8245688', 8),
 ('5694b8a1-a515-45c5-b99c-547111d5977f', 'e4c70727-20b3-465e-bdf2-e88158c908cf', 'ST20Y-1533', 'Haas ST-20Y (1533)', 'CNC_LATHE', 'cnc_lathe', TRUE, '2026-06-08T19:36:48.544242+00:00', '2026-06-08T19:36:48.544242+00:00', '8b2e8bbe-a82a-4c42-ae2b-3ef70d768384', '41f0e268-87d6-4981-b21e-a3c4e8245688', 8),
 ('b93e98f3-2010-411e-9bc9-083b6b4d8db8', 'e4c70727-20b3-465e-bdf2-e88158c908cf', 'ST20Y-2291', 'Haas ST-20Y (2291)', 'CNC_LATHE', 'cnc_lathe', TRUE, '2026-06-08T19:36:48.544242+00:00', '2026-06-08T19:36:48.544242+00:00', '8b2e8bbe-a82a-4c42-ae2b-3ef70d768384', '41f0e268-87d6-4981-b21e-a3c4e8245688', 8),
 ('b744db10-51e6-4cfc-9305-6c18468aee06', 'e4c70727-20b3-465e-bdf2-e88158c908cf', 'VF2SSYT-4060', 'Haas VF-2SSYT (4060)', 'CNC_MILL', 'cnc_mill', TRUE, '2026-06-08T19:36:48.544242+00:00', '2026-06-08T19:36:48.544242+00:00', '8b2e8bbe-a82a-4c42-ae2b-3ef70d768384', '41f0e268-87d6-4981-b21e-a3c4e8245688', 8),
 ('f2ccc278-7899-4fc1-9cd6-1945960d82ac', 'e4c70727-20b3-465e-bdf2-e88158c908cf', 'VF2D-6634', 'Haas VF-2D (6634)', 'CNC_MILL', 'cnc_mill', TRUE, '2026-06-08T19:36:48.544242+00:00', '2026-06-08T19:36:48.544242+00:00', '8b2e8bbe-a82a-4c42-ae2b-3ef70d768384', '41f0e268-87d6-4981-b21e-a3c4e8245688', 8),
 ('ba8bd8ef-a18b-41e2-aba3-2aa4f730e3c5', 'e4c70727-20b3-465e-bdf2-e88158c908cf', 'MINIMILL-9736', 'Haas Mini Mill (9736)', 'CNC_MILL', 'cnc_mill', TRUE, '2026-06-08T19:36:48.544242+00:00', '2026-06-08T19:36:48.544242+00:00', '8b2e8bbe-a82a-4c42-ae2b-3ef70d768384', '41f0e268-87d6-4981-b21e-a3c4e8245688', 8),
 ('cad0be28-89e3-49e6-b447-2bc2a4b1844f', 'e4c70727-20b3-465e-bdf2-e88158c908cf', 'SL30T-3618', 'Haas SL-30T (3618)', 'CNC_LATHE', 'cnc_lathe', TRUE, '2026-06-08T19:36:48.544242+00:00', '2026-06-08T19:36:48.544242+00:00', '8b2e8bbe-a82a-4c42-ae2b-3ef70d768384', '41f0e268-87d6-4981-b21e-a3c4e8245688', 8),
 ('56c42384-9add-437f-b992-2a50bcee1383', 'e4c70727-20b3-465e-bdf2-e88158c908cf', 'ST35Y-8728', 'Haas ST-35Y (8728)', 'CNC_LATHE', 'cnc_lathe', TRUE, '2026-06-08T19:36:48.544242+00:00', '2026-06-08T19:36:48.544242+00:00', '8b2e8bbe-a82a-4c42-ae2b-3ef70d768384', '41f0e268-87d6-4981-b21e-a3c4e8245688', 8),
 ('24525263-b1db-4383-a361-cfd6c9a6a262', 'e4c70727-20b3-465e-bdf2-e88158c908cf', 'ST20Y-1220', 'Haas ST-20Y (1220)', 'CNC_LATHE', 'cnc_lathe', TRUE, '2026-06-08T19:36:48.544242+00:00', '2026-06-08T19:36:48.544242+00:00', '8b2e8bbe-a82a-4c42-ae2b-3ef70d768384', '41f0e268-87d6-4981-b21e-a3c4e8245688', 8),
 ('75999f87-550b-4d9a-a835-b6f8087e5250', 'e4c70727-20b3-465e-bdf2-e88158c908cf', 'UMC500SS-1834', 'Haas UMC-500SS (1834)', 'CNC_MILL_5AXIS', 'cnc_mill_5axis', TRUE, '2026-06-08T19:36:48.544242+00:00', '2026-06-08T19:36:48.544242+00:00', '8b2e8bbe-a82a-4c42-ae2b-3ef70d768384', '41f0e268-87d6-4981-b21e-a3c4e8245688', 8),
 ('a769104a-2217-46a2-8f0f-329b639f8b2f', 'e4c70727-20b3-465e-bdf2-e88158c908cf', 'SV300SERIES-0001', 'Sunnen SV-300 Series (0001)', 'HONING', 'honing', TRUE, '2026-06-08T19:36:48.544242+00:00', '2026-06-08T19:36:48.544242+00:00', '8b2e8bbe-a82a-4c42-ae2b-3ef70d768384', '41f0e268-87d6-4981-b21e-a3c4e8245688', 8)
ON CONFLICT (id) DO NOTHING;

INSERT INTO public.organization_members (id, organization_id, user_id, role, joined_at) VALUES ('e8e894ba-ea12-410e-b355-35c10e07b5ae', '41f0e268-87d6-4981-b21e-a3c4e8245688', '7d924865-7e19-4bf8-a503-75eeeab26d03', 'owner', '2026-06-09T21:51:00.786456+00:00') ON CONFLICT (id) DO NOTHING;

INSERT INTO public.onboarding_engagements (id, organization_id, purchased_via, stripe_payment_intent_id, plan_tier, assigned_admin_id, status, percent_complete, notes, started_at, ready_at, went_live_at, created_by, created_at, updated_at, payment_status, payment_method, payment_reference, payment_amount_cents, payment_received_at, payment_recorded_by, payment_proof_path, contract_signed_at, contract_signer_name, contract_signer_title, contract_proof_path, sales_rep_id, refunded_at, refunded_by, refund_amount_cents, refund_reason, refund_method, refund_reference, refund_proof_path, exported_to_accounting_at, customer_tax_id, customer_billing_address, invoice_number) VALUES ('631b1d16-18c1-4cc9-b1a0-2886029e4c5c', '41f0e268-87d6-4981-b21e-a3c4e8245688', 'manual', NULL, 'standard', '7d924865-7e19-4bf8-a503-75eeeab26d03', 'in_progress', 56, 'Initial concierge intake — machine inventory imported from Aymar_Engineering_Machines.xlsx (11 machines).', '2026-06-08T19:27:22.412824+00:00', NULL, NULL, '7d924865-7e19-4bf8-a503-75eeeab26d03', '2026-06-08T19:27:22.412824+00:00', '2026-06-09T15:48:05.386446+00:00', 'unpaid', NULL, NULL, 150000, NULL, NULL, NULL, NULL, NULL, NULL, NULL, NULL, NULL, NULL, NULL, NULL, NULL, NULL, NULL, NULL, NULL, NULL, 'INV-202606-631B1D') ON CONFLICT (id) DO NOTHING;

INSERT INTO public.onboarding_intake_responses (id, engagement_id, organization_id, module_key, payload, submitted_by, submitted_at, version, created_at, updated_at) VALUES
 ('6aefd210-57b6-4f67-8772-45ab5422e138', '631b1d16-18c1-4cc9-b1a0-2886029e4c5c', '41f0e268-87d6-4981-b21e-a3c4e8245688', 'equipment', '{"count": 11, "machines": [{"type": "cnc_mill", "hertz": "50/60", "model": "VF-3SS", "phase": "3", "serial": "1164811", "voltage": "220", "mfg_date": "2019-06", "full_load": 70, "largest_load": 55, "manufacturer": "Haas"}, {"type": "cnc_lathe", "hertz": "50/60", "model": "ST-20Y", "phase": "3", "serial": "3111533", "voltage": "220", "mfg_date": "2019-07", "full_load": 40, "largest_load": 35, "manufacturer": "Haas"}, {"type": "cnc_lathe", "hertz": "50/60", "model": "ST-20Y", "phase": "3", "serial": "3112291", "voltage": "220", "mfg_date": "2018-10", "full_load": 70, "largest_load": 65, "manufacturer": "Haas"}, {"type": "cnc_mill", "hertz": "50/60", "model": "VF-2SSYT", "phase": "3", "serial": "1134060", "voltage": "220", "mfg_date": "2016-11", "full_load": 70, "largest_load": 55, "manufacturer": "Haas"}, {"type": "cnc_mill", "hertz": "50/60", "model": "VF-2D", "phase": "3", "serial": "46634", "voltage": "208/230", "mfg_date": "2005-11", "full_load": 40, "largest_load": 35, "manufacturer": "Haas"}, {"type": "cnc_mill", "hertz": "50/60", "model": "Mini Mill", "phase": "3/1", "serial": "49736", "voltage": "208/230", "mfg_date": "2006-05", "full_load": "25/40", "largest_load": 15, "manufacturer": "Haas"}, {"type": "cnc_lathe", "hertz": "50/60", "model": "SL-30T", "phase": "3", "serial": "73618", "voltage": "208/230", "mfg_date": "2006-05", "full_load": 80, "largest_load": 70, "manufacturer": "Haas"}, {"type": "cnc_lathe", "hertz": "50/60", "model": "ST-35Y", "phase": "3", "serial": "3138728", "voltage": "220", "mfg_date": "2024-10", "full_load": 70, "largest_load": 65, "manufacturer": "Haas"}, {"type": "cnc_lathe", "hertz": "50/60", "model": "ST-20Y", "phase": "3", "serial": "3121220", "voltage": "220", "mfg_date": "2021-04", "full_load": 25, "largest_load": 15, "manufacturer": "Haas"}, {"type": "cnc_mill_5axis", "hertz": "50/60", "model": "UMC-500SS", "phase": "3", "serial": "1221834", "voltage": "220", "mfg_date": "2024-10", "full_load": 70, "largest_load": 65, "manufacturer": "Haas"}, {"type": "honing", "hertz": "50/60", "model": "Sunnen SV-300 Series", "phase": "3", "serial": "2LL-10001", "voltage": "460", "mfg_date": "2012", "full_load": 59, "largest_load": 17, "manufacturer": "Sunnen"}], "source_file": "Aymar_Engineering_Machines.xlsx"}'::jsonb, '7d924865-7e19-4bf8-a503-75eeeab26d03', '2026-06-08T19:27:22.412824+00:00', 1, '2026-06-08T19:27:22.412824+00:00', '2026-06-08T19:27:22.412824+00:00'),
 ('f0dfd05b-c8ff-4bfa-84c4-66f7659d75cb', '631b1d16-18c1-4cc9-b1a0-2886029e4c5c', '41f0e268-87d6-4981-b21e-a3c4e8245688', 'users_roles', '{"owner": {"name": "Brandon Aymar", "role": "admin", "email": "brandon@revgrips.com", "app_role": "admin", "invite_code": "AYMAR-OWNER-BA01"}, "operators": [{"name": "Cory C.", "role": "operator", "email": "cory@revgrips.com", "app_role": "operator", "invite_code": "AYMAR-OP-CC03"}], "supervisors": [{"name": "Jaime S.", "role": "supervisor", "email": "jaimes@revgrips.com", "app_role": "supervisor", "invite_code": "AYMAR-SUP-JS02"}]}'::jsonb, '7d924865-7e19-4bf8-a503-75eeeab26d03', '2026-06-08T19:41:17.520336+00:00', 1, '2026-06-08T19:41:17.520336+00:00', '2026-06-09T15:47:57.019558+00:00')
ON CONFLICT (id) DO NOTHING;

INSERT INTO public.onboarding_checklist_items (id, engagement_id, organization_id, module_key, label, sort_order, required, status, customer_blocker_note, completed_by, completed_at, created_at, updated_at) VALUES
 ('54bbf6ef-c8fd-4e04-a46f-9136e0cbf2d6', '631b1d16-18c1-4cc9-b1a0-2886029e4c5c', '41f0e268-87d6-4981-b21e-a3c4e8245688', 'equipment', 'Equipment & machine registry uploaded', 20, TRUE, 'done', NULL, '7d924865-7e19-4bf8-a503-75eeeab26d03', '2026-06-08T19:27:22.412824+00:00', '2026-06-08T19:27:22.412824+00:00', '2026-06-08T19:27:22.412824+00:00'),
 ('d0819b05-5e24-422d-a5f6-431de76fbbaa', '631b1d16-18c1-4cc9-b1a0-2886029e4c5c', '41f0e268-87d6-4981-b21e-a3c4e8245688', 'training', 'Training programs & OAP enrollments seeded', 80, TRUE, 'todo', NULL, NULL, NULL, '2026-06-08T19:27:22.412824+00:00', '2026-06-08T19:27:22.412824+00:00'),
 ('50092e94-7c7e-4cb1-b0b8-607bfb9ef807', '631b1d16-18c1-4cc9-b1a0-2886029e4c5c', '41f0e268-87d6-4981-b21e-a3c4e8245688', 'documents', 'Policies, manuals & setup sheets uploaded', 90, TRUE, 'todo', NULL, NULL, NULL, '2026-06-08T19:27:22.412824+00:00', '2026-06-08T19:27:22.412824+00:00'),
 ('ce7c2746-631a-4895-a00a-d1115bbb8422', '631b1d16-18c1-4cc9-b1a0-2886029e4c5c', '41f0e268-87d6-4981-b21e-a3c4e8245688', 'review', 'Final review & customer handoff', 100, TRUE, 'todo', NULL, NULL, NULL, '2026-06-08T19:27:22.412824+00:00', '2026-06-08T19:27:22.412824+00:00'),
 ('f64dc866-2557-4d2f-8995-92c0be2074f4', '631b1d16-18c1-4cc9-b1a0-2886029e4c5c', '41f0e268-87d6-4981-b21e-a3c4e8245688', 'stations', 'Departments & stations configured', 30, TRUE, 'done', NULL, NULL, '2026-06-08T19:36:48.544242+00:00', '2026-06-08T19:27:22.412824+00:00', '2026-06-08T19:36:48.544242+00:00'),
 ('15ac0ec6-23f9-4b0a-b142-613ca7b2aa47', '631b1d16-18c1-4cc9-b1a0-2886029e4c5c', '41f0e268-87d6-4981-b21e-a3c4e8245688', 'routing', 'Routing templates loaded', 50, TRUE, 'done', 'Seeded Basic Shop Routing + optional AS9100/ISO 9001 Ready template. Customer can clone/edit per part family.', NULL, '2026-06-08T19:48:53.518115+00:00', '2026-06-08T19:27:22.412824+00:00', '2026-06-08T19:48:53.518115+00:00'),
 ('561f78ed-0d85-414c-9664-09c4053f536d', '631b1d16-18c1-4cc9-b1a0-2886029e4c5c', '41f0e268-87d6-4981-b21e-a3c4e8245688', 'quality', 'Quality checkpoints & inspection tools set', 60, TRUE, 'done', 'Seeded First Article, In-Process, and Final checkpoints. Tune thresholds during go-live.', NULL, '2026-06-08T19:48:53.518115+00:00', '2026-06-08T19:27:22.412824+00:00', '2026-06-08T19:48:53.518115+00:00'),
 ('5956d4ae-1c4d-459c-8897-f21d486343d5', '631b1d16-18c1-4cc9-b1a0-2886029e4c5c', '41f0e268-87d6-4981-b21e-a3c4e8245688', 'org_profile', 'Organization profile, branding, ITAR posture', 10, TRUE, 'blocked', 'Awaiting customer: logo, business address, confirmation on ITAR/AS9100 posture. Concierge can complete on request. ISO 9001 is optional - AS9100/ISO 9001 Ready routing template is pre-loaded for when they are ready.', NULL, NULL, '2026-06-08T19:27:22.412824+00:00', '2026-06-08T19:48:53.518115+00:00'),
 ('8c02739d-407c-467a-a949-b9e0ccfd29a0', '631b1d16-18c1-4cc9-b1a0-2886029e4c5c', '41f0e268-87d6-4981-b21e-a3c4e8245688', 'erp', 'ERP / integrations configured', 70, FALSE, 'done', 'Default mode: Native (Lovable Cloud). Customer can opt into JobBOSS or SAP later from Settings -> Integrations.', '7d924865-7e19-4bf8-a503-75eeeab26d03', '2026-06-08T21:19:56.263+00:00', '2026-06-08T19:27:22.412824+00:00', '2026-06-08T21:19:56.51454+00:00'),
 ('3846b452-f319-414c-992c-320192bdbd1b', '631b1d16-18c1-4cc9-b1a0-2886029e4c5c', '41f0e268-87d6-4981-b21e-a3c4e8245688', 'users_roles', 'Users, roles, and invites generated', 40, TRUE, 'done', NULL, '7d924865-7e19-4bf8-a503-75eeeab26d03', '2026-06-09T15:48:04.68+00:00', '2026-06-08T19:27:22.412824+00:00', '2026-06-09T15:48:05.386446+00:00')
ON CONFLICT (id) DO NOTHING;

INSERT INTO public.concierge_activity_log (id, organization_id, actor_user_id, actor_role, action, summary, details, created_at) VALUES ('e94a68bc-9651-4a8b-945b-e6c4db4f4d77', '41f0e268-87d6-4981-b21e-a3c4e8245688', NULL, NULL, 'billing_email_set', NULL, '{"source": "final_production_audit", "owner_email": "brandon@revgrips.com", "billing_email": "brandon@revgrips.com", "delegate_email": "jaimes@revgrips.com"}'::jsonb, '2026-06-09T15:14:06.785065+00:00') ON CONFLICT (id) DO NOTHING;

UPDATE public.organizations
SET onboarding_engagement_id = '631b1d16-18c1-4cc9-b1a0-2886029e4c5c',
    updated_at = now()
WHERE id = '41f0e268-87d6-4981-b21e-a3c4e8245688'
  AND onboarding_engagement_id IS NULL;